
CREATE TABLE Customers (
  CustNo char(8) NOT NULL DEFAULT '',
  CustFirstName varchar(20) NOT NULL,
  CustLastName varchar(30) NOT NULL,
  CustStreet varchar(50),
  CustCity varchar(30),
  CustState char(2),
  CustZip char(10),
  CustBal decimal(12,2) DEFAULT '0.00',
  PRIMARY KEY (CustNo)
)ENGINE = InnoDB DEFAULT CHARSET = utf8;

INSERT INTO Customers VALUES('C0954327', 'Sheri', 'Gordon', '336 Hill St.', 'Littleton', 'CO', '80129-5543', '230.00');
INSERT INTO Customers VALUES('C0987654', 'John', 'Smith', '123/45', 'Bangsaen', 'CO', '20130', '100.00');
INSERT INTO Customers VALUES('C1010398', 'Jim', 'Glussman', '1432 E. Ravenna', 'Denver', 'CO', '80111-0033', '200.00');
INSERT INTO Customers VALUES('C2388597', 'Beth', 'Taylor', '2396 Rafter Rd', 'Seattle', 'WA', '98103-1121', '500.00');
INSERT INTO Customers VALUES('C3340959', 'Betty', 'Wise', '4334 153rd NW', 'Seattle', 'WA', '98178-3311', '200.00');
INSERT INTO Customers VALUES('C3499503', 'Bob', 'Mann', '1190 Lorraine Cir.', 'Monroe', 'WA', '98013-1095', '0.00');
INSERT INTO Customers VALUES('C8543321', 'Ron', 'Thompson', '789 122nd St.', 'Renton', 'WA', '98666-1289', '85.00');
INSERT INTO Customers VALUES('C8574932', 'Wally', 'Jones', '411 Webber Ave.', 'Seattle', 'WA', '98105-1093', '1500.00');
INSERT INTO Customers VALUES('C8654390', 'Candy', 'Kendall', '456 Pine St.', 'Seattle', 'WA', '98105-3345', '50.00');
INSERT INTO Customers VALUES('C9128574', 'Jerry', 'Wyatt', '16212 123rd Ct.', 'Denver', 'CO', '80222-0022', '100.00');
INSERT INTO Customers VALUES('C9403348', 'Mike', 'Boren', '642 Crest Ave.', 'Englewood', 'CO', '80113-5431', '0.00');
INSERT INTO Customers VALUES('C9432910', 'Larry', 'Styles', '9825 S. Crest Lane', 'Bellevue', 'WA', '98104-2211', '250.00');
INSERT INTO Customers VALUES('C9543029', 'Sharon', 'Johnson', '1223 Meyer Way', 'Fife', 'WA', '98222-1123', '856.00');
INSERT INTO Customers VALUES('C9549302', 'Todd', 'Hayes', '1400 NW 88th', 'Lynnwood', 'WA', '98036-2244', '0.00');
INSERT INTO Customers VALUES('C9857432', 'Homer', 'Wells', '123 Main St.', 'Seattle', 'WA', '98105-4322', '500.00');
INSERT INTO Customers VALUES('C9865874', 'Mary', 'Hill', '206 McCaffrey', 'Littleton', 'CO', '80129-5543', '150.00');
INSERT INTO Customers VALUES('C9943201', 'Harry', 'Sanders', '1280 S. Hill Rd.', 'Fife', 'WA', '98222-2258', '1000.00');

CREATE TABLE Employees (
  EmpNo char(8) NOT NULL DEFAULT '',
  EmpFirstName varchar(20) NOT NULL,
  EmpLastName varchar(30) NOT NULL,
  EmpPhone char(15),
  EmpEMail varchar(50) NOT NULL,
  SupEmpNo char(8),
  EmpCommRate decimal(3,3),
  PRIMARY KEY (EmpNo),
  KEY FKSupEmpNo (SupEmpNo),
  KEY UniqueEMail (EmpEMail)
)ENGINE = InnoDB DEFAULT CHARSET = utf8;

INSERT INTO Employees VALUES('E1329594', 'Landi', 'Santos', '(303) 789-1234', 'LSantos@bigco.com', 'E8843211', '0.020');
INSERT INTO Employees VALUES('E8544399', 'Joe', 'Jenkins', '(303) 221-9875', 'JJenkins@bigco.com', 'E8843211', '0.020');
INSERT INTO Employees VALUES('E8843211', 'Amy', 'Tang', '(303) 556-4321', 'ATang@bigco.com', 'E9884325', '0.040');
INSERT INTO Employees VALUES('E9345771', 'Colin', 'White', '(303) 221-4453', 'CWhite@bigco.com', 'E9884325', '0.040');
INSERT INTO Employees VALUES('E9884325', 'Thomas', 'Johnson', '(303) 556-9987', 'TJohnson@bigco.com', NULL, '0.050');
INSERT INTO Employees VALUES('E9954302', 'Mary', 'Hill', '(303) 556-9871', 'MHill@bigco.com', 'E8843211', '0.020');
INSERT INTO Employees VALUES('E9973110', 'Theresa', 'Beck', '(720) 320-2234', 'TBeck@bigco.com', 'E9884325', NULL);

CREATE TABLE OrderLines (
  OrdNo char(8) NOT NULL DEFAULT '',
  ProdNo char(8) NOT NULL DEFAULT '',
  Qty int(11) DEFAULT '1',
  PRIMARY KEY (OrdNo,ProdNo),
  KEY FKProdNo (ProdNo)
)ENGINE = InnoDB DEFAULT CHARSET = utf8;

INSERT INTO OrderLines VALUES('O1116324', 'P1445671', 1);
INSERT INTO OrderLines VALUES('O1231231', 'P0036566', 1);
INSERT INTO OrderLines VALUES('O1231231', 'P1445671', 1);
INSERT INTO OrderLines VALUES('O1241518', 'P0036577', 1);
INSERT INTO OrderLines VALUES('O1455122', 'P4200344', 1);
INSERT INTO OrderLines VALUES('O1579999', 'P1556678', 1);
INSERT INTO OrderLines VALUES('O1579999', 'P6677900', 1);
INSERT INTO OrderLines VALUES('O1579999', 'P9995676', 1);
INSERT INTO OrderLines VALUES('O1615141', 'P0036566', 1);
INSERT INTO OrderLines VALUES('O1615141', 'P1445671', 1);
INSERT INTO OrderLines VALUES('O1615141', 'P4200344', 1);
INSERT INTO OrderLines VALUES('O1656777', 'P1445671', 1);
INSERT INTO OrderLines VALUES('O1656777', 'P1556678', 1);
INSERT INTO OrderLines VALUES('O2233457', 'P0036577', 1);
INSERT INTO OrderLines VALUES('O2233457', 'P1445671', 1);
INSERT INTO OrderLines VALUES('O2334661', 'P0036566', 1);
INSERT INTO OrderLines VALUES('O2334661', 'P1412138', 1);
INSERT INTO OrderLines VALUES('O2334661', 'P1556678', 1);
INSERT INTO OrderLines VALUES('O3252629', 'P4200344', 1);
INSERT INTO OrderLines VALUES('O3252629', 'P9995676', 1);
INSERT INTO OrderLines VALUES('O3331222', 'P1412138', 1);
INSERT INTO OrderLines VALUES('O3331222', 'P1556678', 1);
INSERT INTO OrderLines VALUES('O3331222', 'P3455443', 1);
INSERT INTO OrderLines VALUES('O3377543', 'P1445671', 1);
INSERT INTO OrderLines VALUES('O3377543', 'P9995676', 1);
INSERT INTO OrderLines VALUES('O4714645', 'P0036566', 1);
INSERT INTO OrderLines VALUES('O4714645', 'P9995676', 1);
INSERT INTO OrderLines VALUES('O5511365', 'P1412138', 1);
INSERT INTO OrderLines VALUES('O5511365', 'P1445671', 1);
INSERT INTO OrderLines VALUES('O5511365', 'P1556678', 1);
INSERT INTO OrderLines VALUES('O5511365', 'P3455443', 1);
INSERT INTO OrderLines VALUES('O5511365', 'P6677900', 1);
INSERT INTO OrderLines VALUES('O6565656', 'P0036566', 10);
INSERT INTO OrderLines VALUES('O7847172', 'P1556678', 1);
INSERT INTO OrderLines VALUES('O7847172', 'P6677900', 1);
INSERT INTO OrderLines VALUES('O7959898', 'P1412138', 5);
INSERT INTO OrderLines VALUES('O7959898', 'P1556678', 5);
INSERT INTO OrderLines VALUES('O7959898', 'P3455443', 5);
INSERT INTO OrderLines VALUES('O7959898', 'P6677900', 5);
INSERT INTO OrderLines VALUES('O7989497', 'P1114590', 2);
INSERT INTO OrderLines VALUES('O7989497', 'P1412138', 2);
INSERT INTO OrderLines VALUES('O7989497', 'P1445671', 3);
INSERT INTO OrderLines VALUES('O8979495', 'P1114590', 1);
INSERT INTO OrderLines VALUES('O8979495', 'P1412138', 1);
INSERT INTO OrderLines VALUES('O8979495', 'P1445671', 1);
INSERT INTO OrderLines VALUES('O9919699', 'P0036577', 1);
INSERT INTO OrderLines VALUES('O9919699', 'P1114590', 1);
INSERT INTO OrderLines VALUES('O9919699', 'P4200344', 1);

CREATE TABLE Orders (
  OrdNo char(8) NOT NULL DEFAULT '',
  OrdDate date NOT NULL,
  CustNo char(8) NOT NULL,
  EmpNo char(8),
  OrdName varchar(50),
  OrdStreet varchar(50),
  OrdCity varchar(30),
  OrdState char(2),
  OrdZip char(10),
  PRIMARY KEY (OrdNo),
  KEY FKCustNo (CustNo),
  KEY FKEmpNo (EmpNo)
)ENGINE = InnoDB DEFAULT CHARSET = utf8;

INSERT INTO Orders VALUES('O1116324', '2007-01-23', 'C0954327', 'E8544399', 'Sheri Gordon', '336 Hill St.', 'Littleton', 'CO', '80129-5543');
INSERT INTO Orders VALUES('O1231231', '2007-01-23', 'C9432910', 'E9954302', 'Larry Styles', '9825 S. Crest Lane', 'Bellevue', 'WA', '98104-2211');
INSERT INTO Orders VALUES('O1241518', '2007-02-10', 'C9549302', NULL, 'Todd Hayes', '1400 NW 88th', 'Lynnwood', 'WA', '98036-2244');
INSERT INTO Orders VALUES('O1455122', '2007-01-09', 'C8574932', 'E9345771', 'Wally Jones', '411 Webber Ave.', 'Seattle', 'WA', '98105-1093');
INSERT INTO Orders VALUES('O1579999', '2007-01-05', 'C9543029', 'E8544399', 'Tom Johnson', '1632 Ocean Dr.', 'Des Moines', 'WA', '98222-1123');
INSERT INTO Orders VALUES('O1615141', '2007-01-23', 'C8654390', 'E8544399', 'Candy Kendall', '456 Pine St.', 'Seattle', 'WA', '98105-3345');
INSERT INTO Orders VALUES('O1656777', '2007-02-11', 'C8543321', NULL, 'Ron Thompson', '789 122nd St.', 'Renton', 'WA', '98666-1289');
INSERT INTO Orders VALUES('O2233457', '2007-01-12', 'C2388597', 'E9884325', 'Beth Taylor', '2396 Rafter Rd', 'Seattle', 'WA', '98103-1121');
INSERT INTO Orders VALUES('O2334661', '2007-01-14', 'C0954327', 'E1329594', 'Mrs. Ruth Gordon', '233 S. 166th', 'Seattle', 'WA', '98011');
INSERT INTO Orders VALUES('O3252629', '2007-01-23', 'C9403348', 'E9954302', 'Mike Boren', '642 Crest Ave.', 'Englewood', 'CO', '80113-5431');
INSERT INTO Orders VALUES('O3331222', '2007-01-13', 'C1010398', NULL, 'Jim Glussman', '1432 E. Ravenna', 'Denver', 'CO', '80111-0033');
INSERT INTO Orders VALUES('O3377543', '2007-01-15', 'C9128574', 'E8843211', 'Jerry Wyatt', '16212 123rd Ct.', 'Denver', 'CO', '80222-0022');
INSERT INTO Orders VALUES('O4714645', '2007-01-11', 'C2388597', 'E1329594', 'Beth Taylor', '2396 Rafter Rd', 'Seattle', 'WA', '98103-1121');
INSERT INTO Orders VALUES('O5511365', '2007-01-22', 'C3340959', 'E9884325', 'Betty White', '4334 153rd NW', 'Seattle', 'WA', '98178-3311');
INSERT INTO Orders VALUES('O6565656', '2007-01-20', 'C9865874', 'E8843211', 'Mr. Jack Sibley', '166 E. 344th', 'Renton', 'WA', '98006-5543');
INSERT INTO Orders VALUES('O7847172', '2007-01-23', 'C9943201', NULL, 'Harry Sanders', '1280 S. Hill Rd.', 'Fife', 'WA', '98222-2258');
INSERT INTO Orders VALUES('O7959898', '2007-02-19', 'C8543321', 'E8544399', 'Ron Thompson', '789 122nd St.', 'Renton', 'WA', '98666-1289');
INSERT INTO Orders VALUES('O7989497', '2007-01-16', 'C3499503', 'E9345771', 'Bob Mann', '1190 Lorraine Cir.', 'Monroe', 'WA', '98013-1095');
INSERT INTO Orders VALUES('O8979495', '2007-01-23', 'C9865874', NULL, 'HelenSibley', '206 McCaffrey', 'Renton', 'WA', '98006-5543');
INSERT INTO Orders VALUES('O9919699', '2007-02-11', 'C9857432', 'E9954302', 'Homer Wells', '123 Main St.', 'Seattle', 'WA', '98105-4322');

CREATE TABLE Products (
  ProdNo char(8) NOT NULL DEFAULT '',
  ProdName varchar(50) NOT NULL,
  ProdMfg varchar(20) NOT NULL,
  ProdQOH int(11),
  ProdPrice decimal(12,2),
  ProdNextShipDate date,
  PRIMARY KEY (ProdNo)
)ENGINE = InnoDB DEFAULT CHARSET = utf8;

INSERT INTO Products VALUES('P0036566', '17 inch Color Monitor', 'ColorMeg, Inc.', 17, '169.00', '2007-02-20');
INSERT INTO Products VALUES('P0036577', '19 inch Color Monitor', 'ColorMeg, Inc.', 50, '319.00', '2007-02-20');
INSERT INTO Products VALUES('P007', 'TestProd', 'Inhouse', 20, '100.00', '2011-08-28');
INSERT INTO Products VALUES('P1114590', 'R3000 Color Laser Printer', 'Connex', 5, '699.00', '2007-01-22');
INSERT INTO Products VALUES('P1412138', '10 Foot Printer Cable', 'Ethlite', 100, '12.00', NULL);
INSERT INTO Products VALUES('P1445671', '8-Outlet Surge Protector', 'Intersafe', 33, '14.99', NULL);
INSERT INTO Products VALUES('P1556678', 'CVP Ink Jet Color Printer', 'Connex', 8, '99.00', '2007-01-22');
INSERT INTO Products VALUES('P3455443', 'Color Ink Jet Cartridge', 'Connex', 24, '38.00', '2007-01-22');
INSERT INTO Products VALUES('P4200344', '36-Bit Color Scanner', 'UV Components', 16, '199.99', '2007-01-29');
INSERT INTO Products VALUES('P6677900', 'Black Ink Jet Cartridge', 'Connex', 44, '25.69', NULL);
INSERT INTO Products VALUES('P9995676', 'Battery Back-up System', 'Cybercx', 500, '89.00', '2007-02-01');


ALTER TABLE `OrderLines`
  ADD CONSTRAINT OrderLines_ibfk_1 FOREIGN KEY (OrdNo) REFERENCES Orders (OrdNo),
  ADD CONSTRAINT OrderLines_ibfk_2 FOREIGN KEY (ProdNo) REFERENCES Products (ProdNo);

ALTER TABLE `Orders`
  ADD CONSTRAINT Orders_ibfk_1 FOREIGN KEY (CustNo) REFERENCES Customers (CustNo),
  ADD CONSTRAINT Orders_ibfk_2 FOREIGN KEY (EmpNo) REFERENCES Employees (EmpNo);
